a,s,d,f,g,h,1
a,s,d,f,g,h,1
a,s,d,f,g,h,1
a,s,d,f,g,h,1
a,s,d,f,g,h,1
a,s,d,f,g,h,1
a,s,d,f,g,h,1
a,s,d,f,g,h,1
a,s,d,f,g,h,1
a,s,d,f,g,h,1
a,s,d,f,g,h,1
a,s,d,f,g,h,1
a,s,d,f,g,h,1
a,s,d,f,g,h,1
a,s,d,f,g,h,1
a,s,d,f,g,h,1
a,s,d,f,g,h,1
a,s,d,f,g,h,1
a,s,d,f,g,h,1
a,s,d,f,g,h,2
a,s,d,f,g,h,2
a,s,d,f,g,h,2
a,s,d,f,g,h,3
a,s,d,f,g,h,3
a,s,d,f,g,h,3
a,s,d,f,g,h,3
a,s,d,f,g,h,3
a,s,d,f,g,h,3
a,s,d,f,g,h,3
a,s,d,f,g,h,3
a,s,d,f,g,h,3
a,s,d,f,g,h,3
a,s,d,f,g,h,3
a,s,d,f,g,h,3
a,s,d,f,g,h,3
a,s,d,f,g,h,3
a,s,d,f,g,h,3
a,s,d,f,g,h,3
a,s,d,f,g,h,3
a,s,d,f,g,h,4